			
Legal Term	Meaning (English)	Meaning (Hindi)	Usage in Sentence
Abet 	To encourage or assist someone to commit a crime 	उकसाना 	He was charged with abetting the criminal by providing him shelter.
Accused 	A person charged with a criminal offense 	अभियुक्त 	The accused pleaded not guilty during the court hearing.
Acquittal 	A judgment that a person is not guilty of the crime 	दोषमुक्ति 	After a lengthy trial, the court ruled for the acquittal of the defendant.
Bail 	Temporary release of an accused person awaiting trial 	जमानत 	The accused was granted bail by the court pending the trial.
Beneficiary 	A person entitled to benefits or proceeds from a will or trust 	लाभार्थी 	The court recognized her as the sole beneficiary of her father’s estate.
Bench 	The seat occupied by judges in a court 	पीठ 	A five-judge bench was constituted to hear the constitutional case.
Caveat 	A formal notice requesting a court to suspend proceedings until the party filing the caveat is heard 	कावेयत 	The company filed a caveat to ensure no orders are passed without its knowledge.
Cognizance 	A court’s acknowledgement of a legal matter to be heard 	संज्ञान 	The judge took cognizance of the matter and summoned the accused for trial.
Contempt of Court 	Willful disobedience or disrespect towards court rules or authority 	न्यायालय की अवमानना 	The activist was held in contempt of court for disrupting the proceedings.
Damages 	Compensation, usually monetary, awarded to someone for loss or injury 	हर्जाना 	The court ordered the company to pay damages for breaching the contract.
Decree 	A formal order or judgment by the court 	डिक्री 	The court passed a decree in favor of the plaintiff, granting them ownership of the disputed property.
Defamation 	The act of damaging someone’s reputation by making false statements 	मानहानि 	The celebrity filed a defamation suit against the media company for publishing false accusations.
Evidence 	Any information presented in a legal case to prove or disprove facts 	साक्ष्य 	The prosecutor presented new evidence to support the charges against the defendant.
Equity 	The application of principles of fairness and justice in legal matters 	न्यायसंगतता 	The court made its decision based on equity, ensuring fairness to both parties.
Embezzlement 	Fraudulent appropriation of funds by someone entrusted with them 	गबन 	The accountant was charged with embezzlement after diverting company funds into personal accounts.
FIR (First Information Report) 	A formal written document prepared by the police when they receive information about a cognizable offense 	प्राथमिकी 	The victim immediately filed an FIR with the local police station after the robbery.
Fraud 	Wrongful or criminal deception intended to result in financial or personal gain 	धोखाधड़ी 	The businessman was arrested for committing fraud by forging financial documents.
Frivolous Litigation 	Legal action with no sound basis, often used to harass or delay the process 	तुच्छ मुकदमे 	The court dismissed the lawsuit, labeling it as frivolous litigation intended to waste time.
Garnishee 	A person or institution that is ordered by the court to surrender money or property belonging to a debtor 	गार्निशी 	The bank was named as a garnishee to withhold the debtor’s funds for the court.
Guardian 	A person legally appointed to manage the affairs of a minor or someone incapable of managing their own affairs 	अभिभावक 	After the parents passed away, the uncle was appointed as the legal guardian of the minor children.
Grievance 	A formal complaint raised by an individual, typically in a legal or workplace context 	शिकायत 	The employee filed a grievance against the company for unfair dismissal.
Habeas Corpus 	A legal action or writ requiring a person under arrest to be brought before a judge to secure their release unless lawful grounds are shown for their detention 	बंदी प्रत्यक्षीकरण 	The lawyer filed a writ of habeas corpus to challenge the illegal detention of the accused.
Hearsay 	Information received from others that cannot be substantiated and is not admissible as evidence 	सुनी-सुनाई बात 	The court dismissed the witness’s statement as hearsay since it lacked direct evidence.
Heir 	A person legally entitled to the property or rank of another upon their death 	उत्तराधिकारी 	After his father’s death, he became the rightful heir to the family estate.
Injunction 	A court order requiring a party to do or refrain from doing a specific act 	निषेधाज्ञा 	The court granted an injunction preventing the company from selling the disputed property.
Immunity 	Legal protection from prosecution or penalties 	प्रतिरक्षा 	The witness was granted immunity in exchange for testifying against the accused.
Indictment 	A formal accusation initiating a criminal case 	अभियोग पत्र 	The grand jury issued an indictment against the businessman for fraud and embezzlement.
Judgment 	The final decision or ruling by a court in a legal matter 	निर्णय 	The court delivered its judgment, ruling in favor of the plaintiff.
Jurisdiction 	The legal authority of a court to hear and decide a case 	अधिकार क्षेत्र 	The High Court has jurisdiction over cases involving constitutional issues.
Jurisprudence 	The theory or philosophy of law 	न्यायशास्त्र 	The lawyer’s argument was grounded in legal jurisprudence and historical case laws.
Kidnapping 	The unlawful taking away or transportation of a person, usually to hold them against their will 	अपहरण 	The accused was charged with kidnapping the child for ransom.
Knowingly 	With full awareness or intention 	जानबूझकर 	The defendant was found guilty of knowingly engaging in fraudulent activities.
Knowledge 	Awareness or understanding of facts, law, or a situation 	जानकारी 	The defendant claimed to have no knowledge of the illegal activities being conducted by his associates.
Landlord 	A person who owns property and rents it to a tenant 	मकान मालिक 	The landlord filed a case against the tenant for failing to pay rent on time.
Lawsuit 	A legal action brought by one party against another 	मुकदमा 	The company faced a lawsuit over allegations of environmental damage.
Legal Heir 	A person legally entitled to inherit the property of a deceased person 	कानूनी उत्तराधिकारी 	The court recognized him as the legal heir to his father’s estate.
Magistrate 	A judicial officer who handles minor legal cases and preliminary hearings 	मजिस्ट्रेट 	The magistrate granted bail to the accused after the preliminary hearing.
Maintenance 	Financial support given by one person to another, typically after a divorce or separation 	भरण-पोषण 	The court ordered the husband to pay monthly maintenance to his ex-wife after their divorce.
Malfeasance 	Wrongdoing or misconduct, especially by a public official 	दुराचार 	The politician was accused of malfeasance for misusing public funds for personal gain.
Natural Justice 	Legal philosophy ensuring fairness, equality, and impartiality in decision-making 	प्राकृतिक न्याय 	The court upheld the principles of natural justice by allowing both parties to present their case.
Notary 	A public official authorized to authenticate legal documents and administer oaths 	नोटरी 	The agreement was signed in the presence of a notary to ensure its legal validity.
Negligence 	Failure to exercise the care that a reasonably prudent person would exercise in similar circumstances 	लापरवाही 	The doctor was sued for negligence after failing to diagnose the patient’s illness in time.
Oath 	A solemn promise, often invoking a divine witness, regarding one’s future actions or behavior 	शपथ 	The witness took an oath to tell the truth before testifying in court.
Objection 	A formal protest raised during a trial or hearing regarding the admissibility of evidence or testimony 	आपत्ति 	The defense attorney raised an objection to the prosecutor’s line of questioning.
Offender 	A person who has committed a crime or illegal act 	अपराधी 	The offender was sentenced to five years in prison for theft.
Plaintiff 	A person who brings a legal action or lawsuit against another party 	वादी 	The plaintiff filed a suit for damages after the contract was breached.
Prosecution 	The legal party responsible for presenting a case against an individual accused of a crime 	अभियोजन 	The prosecution provided substantial evidence to prove the guilt of the accused.
Precedent 	A legal decision that serves as an example or rule for future cases 	उदाहरण, पूर्वनिर्णय 	The court’s decision followed the legal precedent established by previous rulings.
Quash 	To reject or void a legal decision, order, or indictment 	रद्द करना 	The court decided to quash the charges against the defendant due to lack of evidence.
Quantum Meruit 	A Latin term meaning “as much as he deserves,” referring to the reasonable value of services rendered 	जितना योग्य है 	The contractor was entitled to payment based on quantum meruit for the work completed before the contract was terminated.
Quasi-Judicial 	A body or authority having powers and procedures resembling those of a court of law 	अर्ध-न्यायिक 	The regulatory commission acted as a quasi-judicial body in resolving the dispute.
Remand 	To send a case or an accused person back to a lower court or into custody for further investigation 	रिमांड 	The judge remanded the accused to police custody for further questioning.
Rebuttal 	A counterargument or evidence presented to contradict or disprove something 	खंडन 	The defense presented a strong rebuttal to challenge the prosecution’s claims.
Restitution 	Compensation or return of something to its rightful owner, or restoring a party to its original position 	पुनःस्थापन 	The court ordered restitution to the victims of the fraud, ensuring they received their money back.
Summons 	A legal document issued by a court requiring someone to appear in court 	समन 	The defendant received a summons to appear in court for the hearing.
Subpoena 	A legal order requiring a person to testify or produce evidence in court 	न्यायालयीन आदेश 	The witness was served with a subpoena to testify at the trial.
Settlement 	An agreement reached between parties to resolve a legal dispute without going to trial 	समझौता 	The parties reached a settlement before the case went to trial, avoiding lengthy litigation.
Tort 	A civil wrong causing harm or loss for which a remedy may be sought in court 	अपकर्म 	The plaintiff filed a tort claim for damages caused by the defendant’s negligence.
Testamentary 	Relating to a will or the distribution of assets after death 	वसीयतनामा संबंधी 	The court upheld the testamentary trust created by the deceased’s will.
Testimony 	A formal statement given by a witness under oath in court 	साक्ष्य 	The witness’s testimony played a crucial role in the conviction of the accused.
Ultra Vires 	Acts beyond the legal authority or power of a person or institution 	विधि-अधिकार से परे 	The court ruled that the company’s actions were ultra vires, as they exceeded the powers granted by the articles of incorporation.
Undue Influence 	Excessive pressure or manipulation exerted on someone to act against their free will 	अनुचित प्रभाव 	The plaintiff argued that the contract was signed under undue influence and was therefore invalid.
Unlawful Detention 	The act of holding someone without legal authority or justification 	अवैध हिरासत 	The accused filed a petition for release, claiming unlawful detention by the police.
Verdict 	The formal decision or finding made by a jury or judge in a legal case 	निर्णय 	The jury delivered a guilty verdict after deliberating for several hours.
Vicarious Liability 	Legal responsibility imposed on one person for the actions of another, typically an employer for the acts of an employee 	प्रतिनियुक्त उत्तरदायित्व 	The company was held vicariously liable for the actions of its employee during the course of his duties.
Void 	Having no legal effect or validity; null 	अमान्य 	The contract was declared void due to the lack of mutual consent between the parties.
Warrant 	A legal document authorizing law enforcement to carry out an action such as an arrest or search 	वारंट 	The police executed an arrest warrant for the suspect involved in the robbery.
Waiver 	The voluntary relinquishment or abandonment of a legal right or claim 	अधिकार-त्याग 	The tenant signed a waiver, giving up their right to demand repairs from the landlord.
Will 	A legal document in which a person declares how their assets will be distributed after death 	वसीयत 	The deceased left a will, distributing his property among his children.
Xerox 	A trademarked term that has become synonymous with photocopying, often used in legal cases to refer to copies of documents 	ज़ेरॉक्स (फोटोकॉपी) 	The lawyer asked for xerox copies of all the evidence to be submitted to the court.
Xenophobia 	A fear or hatred of foreigners, often referenced in human rights and discrimination cases 	विदेशियों का भय या घृणा 	The court addressed the issue of xenophobia in the workplace, ordering the company to implement anti-discrimination policies.
X Clause 	A placeholder term sometimes used in contracts to represent a term or condition that will be defined later 	अज्ञात धारा 	The agreement included an X clause, which the parties agreed to finalize before the project’s commencement.
Year and a Day Rule 	A common law rule that states a person cannot be charged with homicide if the victim dies more than a year and a day after the act that caused the injury 	एक वर्ष और एक दिन नियम 	Under the year and a day rule, the suspect could not be charged with murder because the victim passed away 15 months later.
Yellow Dog Contract 	A contract in which an employee agrees not to join a labor union as a condition of employment 	पीला कुत्ता अनुबंध 	Yellow dog contracts were once used by employers to prevent workers from organizing unions.
Youth Court 	A specialized court that deals with crimes committed by minors 	किशोर न्यायालय 	The case involving the minor was transferred to the youth court for trial.
Zero Hour 	The time immediately following the start of a legislative session, often used for raising urgent issues without prior notice 	शून्य काल 	The members of parliament raised the issue of environmental pollution during Zero Hour.
Zoning 	The regulation of land use by local authorities to allocate areas for different types of development and land use 	क्षेत्रीकरण 	The city council enforced new zoning laws to separate residential and commercial areas.
Zoning Ordinance 	A law that defines how property in specific geographic zones can be used 	क्षेत्रीकरण अध्यादेश 	The new zoning ordinance prohibits the construction of high-rise buildings in the heritage area.
