				
क्रमांक	ग्रन्थ का नाम	रचयिता	रचानाकाल	टिप्पणी
1	--	--	--	---
2	बौधायन शुल्बसूत्र	बौधायन	८०० ईसापूर्व - ५०० ईसा पूर्व	ज्यामिति ; यज्ञ वेदिका निर्माण ; पाइथागोरस प्रमेय का उल्लेख
3	आपस्तम्ब शुल्ब सूत्र	आपस्तम्ब	800 - 600 ई.पू.	गणित ज्यामितीय रचनाओं और यज्ञ वेदियों के निर्माण से संबंधित गणितीय ज्ञान ; २ का वर्गमूल ; समस्य द्विकरणी। प्रमाणं तृतीयेन वर्धयेत्तच्च चतुर्थेनात्मचतुस्त्रिंशोनेन सविशेषः।
4	मानव शुल्बसूत्र	मानव (शुल्बसूत्रकार)	750 ईसा पूर्व – 690 ईसा पूर्व	पाइथागोरस प्रमेय, वर्ग के क्षेत्रफल के बराबर क्षेत्रफल वाले वृत्त की रचना करना ; वृत्त के क्षेत्रफल के बराबर क्षेत्रफल वाले वर्ग की रचना करना।
5	कात्यायन शुल्बसूत्र	कात्यायन	१ली से ७वीं शताब्दी ईसापूर्व	पाइथागोरस प्रमेय तथा बहुत सारी ज्यामिति, २ का वर्गमूल
6	--	--	--	--
7	चन्द्रप्रज्ञप्ति (या, ज्योतिषराजप्रज्ञप्ति)	गौतमगणधर ?	लगभग छठी शताब्दी ईसापूर्व	यह छठे उपांग के रूप में स्वीकृत है। यह आगम गणितानुयोग से भरपूर है। इस आगम में चंद्रमा, ग्रहों और उनकी गति से संबंधित गणित का वर्णन किया गया है। इसमें चन्द्र एवं सूर्य के आकार, तेज, गतिक्रम, उदय, अस्त आदि विविध विषयों का विस्तृत वर्णन है। आचार्य मलयगिरि ने इस पर वृत्ति रची है।[6]
8	भगवती सूत्र	सुधर्मस्वामी	५वीं शताब्दी ईसापूर्व	जैन गणित का महत्वपूर्ण ग्रन्थ जिसमें क्रमचय-संचय आदि का वर्णन है।
9	अष्टाध्यायी	पाणिनि	520–460 ईसापूर्व	पाणिनि के व्याकरण में गणित के अनेक तत्त्व हैं। इसमें बाक्कस-नार प्रारूप का पूर्वरूप भी उपस्थित है जो प्रोग्रामन भाषाओं के वर्णन में प्रयुक्त होता है।
10	छन्दशास्त्र	पिंगल	४०० ईसापूर्व - २०० ईसापूर्व	मेरु प्रस्तार या तथाकथित 'पास्कल त्रिकोण'
11	भृगु संहिता	महर्षि भृगु	500BCE to 200BCE	ज्योतिष ; गणित ; ज्योतिषीय भविष्यवाणियां और गणितीय गणनाएं; permutations and combinations
12	सूर्यप्रज्ञप्ति	जैन ग्रन्थ	(अज्ञात)	खगोलशास्त्र ; गणित ; सूर्य की गति और खगोलीय घटनाओं का वर्णन
13	उत्तराध्ययन सूत्र		३०० ईसापूर्व	इसमें वर्ग, घन, वर्ग-वर्ग (४ घात), घन-वर्ग (५ घात), घन-वर्ग-वर्ग (१२ घात) का उल्लेख आया है।
14	अनुयोगद्वार सूत्र	(अज्ञात)	२०० वर्ष ईसापूर्व और १०० ई० के बीच	जैन ग्रन्थ ; इस ग्रन्थ में बड़ी-बड़ी संख्याएं आयी हैं, जैसे 1096 । भारतीय गणित में सबसे पहले फैक्टोरियल का उल्लेख इसी ग्रन्थ में आया है। इसके अलावा अनेक गणितीय संक्रियाओं जैसे घातों के गुण के बारे में बताया गया है।
15	तत्त्वार्थाधिगमसूत्रभाष्य	उमास्वाति या उमास्वामी	प्रथम शताब्दी ईसापूर्व - ५वीं शताब्दी	वृत्त की परिधि और क्षेत्रफल निकालने के सूत्र ; द्विघात समीकरण के हल का पहला भारतीय लिखित प्रमाण तत्त्वार्थाधिगमसूत्र में मिलता है।[7]
16	--	--	--	--
17	स्थानांग सूत्र	अज्ञात	ईसापूर्व तीसरी-चौथी शताब्दी	स्थानांग सूत्र ७४७ के अनुसार गणित के १० विषय हैं- (१) परिकर्म (चार आधारभूत संक्रियाएँ), (२) व्यवहार (subjects of treatment), (३) रज्जु (ज्यामिति), (४) राशि (ठोस ज्यामिति), (५) कलासवर्ण (भिन्न), (६) यावत्-तावत् (सरल समीकरण), (७) वर्ग (वर्ग समीकरण), (८) घन (त्रिघात समीकरण), (९) वर्गवर्ग (biquadratic equation), तथा (१०) विकल्प (सांयोजिकी या 'permutation and combination') ।
18	वेदांग ज्योतिष	लगध	ईसापूर्व द्वितीय या प्रथम शताब्दी	"ज्योतिष का आधार ग्रन्थ ; बड़े ही सुन्दर शब्दों में गणित का महत्व प्रतिपादित है।
यथा शिखा मयूराणां नागानां मणयो यथा।
तद्वद् वेदांगशास्त्राणां गणितं मूर्धनि स्थितम्॥ (याजुषज्याेतिषम् ४)
(अर्थ : जिस प्रकार मोरों में शिखा और नागों में मणि का स्थान सबसे उपर है"
19	षट्खण्डागम	आचार्य पुष्पदंत एवं आचार्य भूतबलि	प्रथम शताब्दी	कई समुच्चयों पर लागरिथमिक फलन आधार 2 की क्रिया, उनका वर्ग निकालकर, उनका वर्गमूल निकालकर और सीमित या असीमित घात लगाकर की गई हैं। इन क्रियाओं को बार-बार दुहराकर नये समुच्चय बनाये गये हैं। अन्य कृतियों में द्विपद प्रसार में आने वाले गुणकों का संयोजनों (combinations) की संख्या से संबंध दिखाया गया है।
20	भक्षाली पाण्डुलिपि		२२४ ई० से ९९३ ई० के बीच (कार्बन तिथिकरण द्वारा)	अंकगणित (भिन्न, वर्गमूल, लाभ-हानि, सरल व्याज, त्रैराशिक, regula falsi) ; बीजगणित (युगपत रेखीय समीकरण, द्विघात समीकरण), समान्तर श्रेणी (AP) ; कुछ ज्यामितीय समस्याएँ भी हैं। इसमें दश स्थानीय मान की प्रणाली का उपयोग हुआ है और शून्य के लिये एक बिन्दु का प्रयोग किया गया है।
21	सूर्यसिद्धान्त	4th-5th Century CE	चौथी-पांचवीं शताब्दी ई.	खगोलशास्त्र का एक प्रमुख ग्रन्थ ; इसमें त्रिकोणमिति के बीज हैं (jya and kojya) । वराहमिहिर ने इस ग्रन्थ का उल्लेख किया है।
22	लोकविभाग	सर्वनन्दी	458 CE	Earliest known evidence of decimal place value system ; विश्वरचना सम्बंधी एक जैन ग्रंथ ; इसकी रचना सर्वनन्दि नामक दिगम्बर साधु ने मूलतः प्राकृत भाषा में की थी जो अब अप्राप्य है। किन्तु बाद में सिंहसूरि ने इसका संस्कृत रूपान्तर किया, जो उपलब्ध है।
23	आर्यभटीय	आर्यभट प्रथम	499 ईस्वी	त्रिकोणमिति ; बीजगणित ; खगोलशास्त्र दशमलव प्रणाली ; ज्या ; वृत्त की परिधि और व्यास का अनुपात लगभग 3.1416 है।
24	दशगीतिका	आर्यभट प्रथम		
25	आर्यभटप्रकाश	सूर्यदेव यज्वा		यह टीका भटदीपिका से अच्छी है।
26	तिलोयपण्णत्ती	यतिवृषभ	छठी शताब्दी ई.	जैन भूगोल
27	पितामह सिद्धान्त			
28	पौलिस सिद्धान्त			
29	वशिष्ठ सिद्धान्त			
30	पंचसिद्धान्तिका	वराहमिहिर	550 ईस्वी	खगोलशास्त्र ; गणित ; पाँच खगोलीय सिद्धान्तों (पौलिषसिद्धान्त, रोमकसिद्धान्त, वसिष्ठसिद्धान्त, सूर्यसिद्धान्त तथा पैतामहसिद्धान्त) का संग्रह।
31	बृहज्जातक	वराहमिहिर	550 ई.	ज्योतिष ; गणित ; ज्योतिषीय भविष्यवाणियों का विस्तृत ग्रन्थ।
32	लघुजातक	वराहमिहिर	550 ई.	ज्योतिष ; गणित ; ज्योतिषीय भविष्यवाणियों का संक्षिप्त ग्रन्थ।
33	बृहत्संहिता	वराहमिहिर	550 ईस्वी	ज्योतिष ; गणित ; वास्तुशास्त्र ; इसमें गणित के साथ-साथ ज्योतिष का भी वर्णन है।
34	योगयात्रा	वराहमिहिर	550 ई.	ज्योतिष ; गणित ; यात्रा और शुभ-अशुभ मुहूर्त का वर्णन।
35	ब्राह्मस्फुटसिद्धान्त	ब्रह्मगुप्त	628 ईस्वी	शून्य की गणितीय भूमिका का विवेचन ; धनात्मक एवं ऋणात्मक संख्याओं पर परिकर्म के नियम; वर्गमूल निकालने की एक विधि ; रैखिक एवं द्विघात समीकरणों के हल की विधियाँ ; श्रेणियों के योग का नियम ; ब्रह्मगुप्त की सर्वसमिका और ब्रह्मगुप्त प्रमेय । इसमें पहली बार द्विघात सूत्र (द्विघात समीकरण के हल का सूत्र) स्पष्ट रूप से दिय गया है। यह ग्रन्थ पूर्णतः श्लोकों के रूप में है और इसमें किसी गणितीय चिह्न का उपयोग नहीं किया गया है।
36	तिलोयपन्नति (त्रिलोकप्रज्ञप्ति)	आचार्य यतिवृषभ	604-605 ई०	करणानुयोग का जैन ग्रन्थ जिसमें ब्रह्माण्ड का गणितीय विवेचन है।
37	आर्यभटीयभाष्य या आर्यभटतन्त्रभाष्य	भास्कर प्रथम	६२९ ई०	इसमें पृथ्वी से सूर्य की दूरी दी गयी है।
38	लघुभास्करीय	भास्कर प्रथम	६२९ ई०	यह ग्रन्थ ‘आर्यभटीय’ ग्रन्थ के मूल सिद्धान्तों के व्याख्या-ग्रन्थ के रूप में स्वीकार किया जाता है। इसमें ७ अध्याय हैं।
39	महाभास्करीय	भास्कर प्रथम	६२९ ई०	
40	आर्यभट्ट सिद्धांत	आर्यभट प्रथम	६२९ ई०	
41	खण्डखाद्यक	ब्रह्मगुप्त	665 ई.	खगोलशास्त्र ; गणित ; खगोलशास्त्रीय गणनाओं के लिए एक व्यावहारिक पुस्तिका।
42	रोमक सिद्धान्त			
43	लघुभास्करीयविवरण	शंकरनारायण	८६९ ई	भास्कर प्रथम की लघुभास्करीय का भाष्य । इसमें संख्याओं को दशमलव आधारित स्थानीय मान पद्धति के साथ-साथ कटपयादि पद्धति में भी लिखा गया है। इसमें 'कूटकार' नामक भारतीय विधि का प्रयोग किया गया है।
44	धवला टीका	वीरसेन	८वीं शताब्दी	'अर्धच्छेद' की संकल्पना (किसी संख्या को कितनी बार आधा किया जा सकता है) ; शंकु छिन्नक (फ्रस्टम) के आयतन का सूत्र
45	शिष्यधीवृद्धिदतन्त्रम्	लल्लाचार्य	८वीं शताब्दी के मध्यकाल में	"शाश्वत गति का सबसे पहला वर्णन ; १२ यन्त्रों का वर्णन किया है और कहा है कि गोला, भणक (ring,), चक्र (dial), धनु (bow), घटी (time measuring water vessel) , शंकु (Gnomon), शकट (divider), कर्तयः (scissor), पीप्टक , पाल और शलाका, छड़ी - ये १२ यन्त्र है। धरती के आकार के बारे में लल्ल ने कहा है कि ""यदि पृथ्वी सपाट है तो ताड़ के समान ऊँचे पेड़ दूर से क्यों नहीं दिख पाते हैं?"""
46	महाभास्करीयभाष्य	गोविन्दस्वामी	८३० ई०	भास्कर प्रथम के महाभास्करीय की टीका । इस भाष्य में स्थानीय मान के प्रयोग के लिये कई उदाहरण दिये हैं और ज्या सारणी (साइन टेबल) के निर्माण की विधि दी हुई है।
47	गणितसारसंग्रह	महावीराचार्य	850 ई.	जैन गणिताचार्य ; शून्य, वर्ग, घन, वर्गमूल, घनमूल, समतल ज्यामिति, ठोस ज्यामिति, वृत्त के भीतर दीर्घवृत्त और चतुर्भुज के क्षेत्रफल का सूत्र, दीर्घवृत्त के क्षेत्रफल एवं परिधि के लिये सूत्र, द्विघात एवं त्रिघात समीकरणों का हल दिया।
48	गोलविवृत्ति	पृथूदक स्वामी	850 ईस्वी	गोलीय ज्यामिति ; खगोलशास्त्र ; गोलाकार पिंडों की गणना।
49	खण्डखाद्यकविवरण	पृथूदक स्वामी	८६४ ई	ब्राह्मस्फुटसिद्धान्त का भाष्य ; टॉलेमी के प्रमेय को सिद्ध किया है।
50	वासनाभाष्य	पृथूदक स्वामी	८६४ ई०	ब्रह्मगुप्त के ब्राह्मस्फुटसिद्धान्त की टीका।
51	नवशतिका	श्रीधराचार्य	८७० ई० से ९३० ई०	
52	गणितपंचविंशिका	श्रीधराचार्य	८७० ई० से ९३० ई०	
53	गणितसार	श्रीधराचार्य	८७० ई० से ९३० ई०	
54	पाटीगणित	श्रीधराचार्य	८७० से ९३० ईस्वी	अंकगणित एवं मापन से संबन्धित ग्रन्थ ; विभिन्न परिकर्मों का वर्णन, विभिन्न समान्तर श्रेणियों एवं गुणोत्तर श्रेणियों के योग निकालने की विधियाँ, द्विघात समीकरण के हल की विधि
55	पाटीगणितसार या त्रिशतिका	श्रीधराचार्य	८७० ई० से ९३० ई०	स्वरचित पाटीगणित का सार ; इसमें कुछ ऐसे विषय भी हैं जो पाटीगणित में नहीं हैं, जैसे वृत्तखण्ड का क्षेत्रफल, गोले का आयतन, शंकु का आयतन, रेखागणित के अनेक सूत्र इसमें हैं जो पाटीगणित में नहीं हैं।
56	करणतिलक	विजय नन्दी	9वीं सदी ई.	खगोलशास्त्र ; गणित ; खगोलशास्त्रीय गणनाओं की विधियों का वर्णन।
57	गोम्मटसार	आचार्य नेमिचन्द्र सिद्धान्तचक्रवर्ती	९वीं शता०	
58	वटेश्वर-सिद्धान्त	वटेश्वर	९०४ ई०	व्यावहारिक गणित ; कई त्रिकोणमितीय सर्वसमिकाएँ दीं।
59	लघुमानस	मंजुल	९३२ ई०	इन्होंने अनुभव किया कि sin ⁡ w' − sin ⁡ w का मान लगभग ( w' − w ) cos ⁡ w के बराबर है।
60	महासिद्धान्त	आर्यभट द्वितीय	लगभग ९५० ई०	अंकगणित, बीजगणित, अनिर्धार्य समीकरणों (कुट्टक) का हल
61	सारसंग्रह गणितमु (तेलुगु)	पावुलूरी मल्लन	११वीं शताब्दी	महावीराचार्य के गणितसारसंग्रह का तेलुगु कविता में अनुवाद ; इनके द्वारा दिये गये कुछ उदाहरणों में बहुत बड़ी संख्याएँ ली गयीं है, जिनमें ३६ अंक तक है।
62	गणिततिलक	श्रीपति	१०१९ ई० से १०६६ ई०	अपूर्ण अंकगणितीय ग्रन्थ, जिसमें १२५ श्लोक हैं।
63	ध्रुवमानस	श्रीपति	१०५६ ई०	१०५ श्लोकों से युक्त ग्रन्थ जिसमें ग्रहों के देशान्तर, ग्रहण आदि की गणना है
64	धीकोटिदकरण	श्रीपति		
65	सिद्धान्तशेखर	श्रीपति	1050 ईस्वी	क्रमचय-संचय, युगपत अनिर्धार्य रैखिक समीकरणों का सामान्य हल
66	सुन्दरी	उदयदिवाकर	1073 ई०	भास्कर प्रथम के लघुभास्करीय की टीका जिसमें जयदेव (गणितज्ञ) द्वारा प्रदत्त वर्गप्रकृति एवं चक्रवाल की विधि का वर्णन है।
67	स्थानांग सूत्र पर पारिभाषिक ग्रन्थ	अभयदेवसूरि	११वीं शताब्दी	संस्कृत में ; इसमें गणित के बहुत से विषय विधियाँ और संक्रियाएँ दी गयी हैं।
68	ग्रहगणित	अशधर	११३२ ई०	इस ग्रन्थ में ब्राह्मस्फुटसिद्धान्त पर आधारित सारणियाँ दी गयीं हैं। इसे ब्राह्मतुल्यनयन, भौमदी-पञ्चग्रह-नयन, क्षणिका-ग्रहनयन भी कहते हैं। हरिहर ने ग्रहगणित को १५७५ ई० के आसपास विस्तारित किया।
69	छन्दोऽनुशासनम्	हेमचन्द्राचार्य	११५० ई०	हेमचन्द्र श्रेणी (तथाकथित Fibonacci sequence)
70	बीजगणितम्	भास्कराचार्य	1150 ई.	बीजगणित ; द्विघात समीकरणों का विस्तृत विवरण ; करणी ; बीजगणित के सिद्धांतों और उनके अनुप्रयोगों का विस्तृत वर्णन। उदाहरण: 'अव्यक्तराशिं' (अज्ञात राशि)
71	लीलावती	भास्कराचार्य	1150 ईस्वी	यह सिद्धान्त शिरोमणि का एक अंग है। इस ग्रन्थ में ब्याज, समान्तर एवं गुणोत्तर श्रेणी, समतल ज्यामिति, ठोस ज्यामिति, कुट्टक, क्रमचय-संचय आदि के प्रशन एवं उनके उत्तर हैं। लीलावती की लगभग ६८ टीकाएँ ज्ञात हैं।
72	गोलाध्याय	भास्कराचार्य	1150 ईस्वी	गोलीय ज्यामिति ; खगोलशास्त्र ; गोलाकार पिंडों की गणना के लिए सूत्र।
73	करणकुतूहल	भास्कर द्वितीय	1183 ईस्वी	खगोलशास्त्र ; गणित ; इसमें ग्रहों की गणना के लिए नए सूत्र दिए गए हैं।
74	ग्रहगणित	भास्कर द्वितीय		
75	वासनाभाष्य	भास्कराचार्य	1150 ईस्वी	खगोलशास्त्र ; गणित ; सिद्धान्त शिरोमणि की टीका।
76	सिद्धान्त शिरोमणि	भास्कर द्वितीय	११५० ई०	इसके चार भाग हैं : (१) लीलावती (२) बीजगणित (३) ग्रहगणिताध्याय (४) गोलाध्याय ; इसमें अंकगणित, बीजगणित, ज्यामिति, कैलकुलस और त्रिकोणमिति के अनेक महत्वपूर्ण विषयों का वर्णन है।
77	सूर्यसिद्धान्तटीका	मल्लिकार्जुन सूरि	1178 ई०	सूर्यसिद्धान्त की टीका
78	सूर्यसिद्धान्तटीका	दक्षिण भारत के कामभट्ट	रचना-काल अज्ञात	सूर्यसिद्धान्त की टीका
79	सूर्यसिद्धान्तभाष्य	चन्देश्वर	1185	सूर्यसिद्धान्त की टीका । चन्देश्वर मिथिला के निवासी थे।
80	गणिततिलकवृत्ति	सिंहतिलकसूरि	१२६९ ई०	श्रीपति के गणिततिलक की टीका[8]
81	त्रिशतीभाष्य	अज्ञात (गुजरात क्षेत्र से अनुमानित)	१२वीं से १५वीं शताब्दी के बीच अनुमानित	श्रीधराचार्य के त्रिशती की गद्य रूप में टीका ; वल्लीसवर्णन (chain-reduction) विधि
82	गणितसारकौमुदी	ठक्कर फेरू	१४वीं शताब्दी का पूर्वार्ध	
83	गणित कौमुदी	नारायण पण्डित	1350 ईस्वी	बीजगणित का ग्रन्थ ; संयोजिकी (combinatorics) का अति क्रान्तिकारी ग्रन्थ
84	कर्मप्रदीपिका या कर्मपद्धति	नारायण पण्डित	१३४० से १४०० ई०	भास्कराचार्य के लीलावती की टीका ; संख्याओं के वर्ग निकालने की ६ विधियाँ , मैजिक स्क्वायर जिसे इस ग्रन्थ में 'भद्रगणित' कहा गया है।
85	बीजगणितावतंश	नारायण पण्डित	१४वीं शताब्दी	बीजगणित का ग्रन्थ (बीजगणितावतंश = बीजगणित की माला) ; यह दो भागों में है। द्वितीय भाग पुनः चार भागों में है जिन्हें 'बीजचतुष्टय' कहा गया है।
86	गणितभूषण	मक्किभट्ट	१३७७ ई०	श्रीपति के सिद्धान्तशेखर की टीका ; अपूर्ण ; सिद्धान्तशेखर के चौथे अध्याय के ७५वें श्लोक तक ही पूरा ; बबुआजी मिश्र ने इसे पूरा किया।
87	वासनार्णव	'महाराजाधिराज' मदनपाल	1375–1400 ई०	सूर्यसिद्धान्त की टीका
88	वेण्वारोह	संगमग्राम के माधव	१३५०-१४२५	खगोलीय गन्थ ; इस गन्थ में ७४ श्लोक हैं। इस ग्रन्थ में लगभग प्रत्येक आधे घण्टे बाद चन्द्रमा की सही स्थिति की गणना करने की विधि बतायी गयी है।
89	यन्त्रराज	महेन्द्र सुरि	१३७० ई में	इसमें 70.RSine के मान दिये हैं।(R=3600)
90	वाक्यकरण	परमेश्वर (गणितज्ञ)	1282 ईस्वी	अनेकों खगोलीय सारणियों के परिकलन की विधियाँ दी गयी हैं।
91	भटदीपिका	परमेश्वर (गणितज्ञ)	1380 – 1460 ई०	आर्यभटीय की टीका
92	दृक्कर्मकरण	परमेश्वर (गणितज्ञ)	1400-1460 ई.	खगोलीय प्रेक्षणों और गणनाओं की विधियों का वर्णन।
93	दिग्गणित	परमेश्वर (गणितज्ञ)	१४३१ ई.	दृक-पद्धति का वर्णन
94	गोलदीपिका	परमेश्वर (गणितज्ञ)	1443 ई.	गोलीय ज्यामिति एवं खगोल
95	कर्मदीपिका	परमेश्वर (गणितज्ञ)	1380 – 1460 ई	महाभास्करीय की टीका
96	परमेश्वरी	परमेश्वर (गणितज्ञ)		लघुभास्करीय की टीका
97	विवरण	वतसेरी परमेश्वर नम्बुदिरि	1380–1460	सूर्यसिद्धान्त और लीलावती की टीका
98	सिद्धान्तदीपिका	परमेश्वर (गणितज्ञ)	1380–1460 ई०	गोविन्दस्वामी के महाभास्करीयभाष्य की टीका
99	करणपद्धति	पुदुमन सोम्याजिन्	1400-1460 ई. खगोलशास्त्र	इस ग्रन्थ के छठे अध्याय में गणितीय नियतांक पाई (π) तथा त्रिकोणमितीय फलनों ज्या, कोज्या तथा व्युस्पर्शज्या (inverse tangent) का श्रेणी के रूप में प्रसार दिया हुआ है।
100	मुहूर्तमाला	रामदैवज्ञ	15वीं सदी ई.	ज्योतिष ; गणित ; शुभ-अशुभ मुहूर्त का वर्णन।
101	वृत्तरत्नाकर	केदारभट्ट	१५वीं शताब्दी	इस ग्रन्थ के अन्तिम अध्याय (६ठे अध्याय) में सांयोजिकी से सम्बन्धित नियम दिए गये हैं जो पिङ्गल की विधि से बिल्कुल भिन्न हैं।
102	करणरत्न	देवाचार्य		
103	कल्पवल्ली	यल्लय (आन्ध्रदेश के निवासी)	1472 ई०	सूर्यसिद्धान्त की टीका
104	सुबोधिनी	रामकृष्ण अराध्य	1472	सूर्यसिद्धान्त की टीका
105	कुट्टाकार शिरोमणि	देवराज	around 1474 CE	कुट्टक (डायोफैंटीय समीकरणों के हल की विधि) ; कुट्टाकारशिरोमणि में लीलावती के भी कुछ श्लोक मिलते हैं।
106	चन्द्रछायागणित	नीलकण्ठ सोमयाजि	१५०१ ई०	३२ श्लोकों वाला ग्रन्थ ; चन्द्रमा की छाया के मापन से समय की गणना
107	तन्त्रसंग्रह	नीलकण्ठ सोमयाजिन्	१५०१ ई०	त्रिकोणमितीय फलनों का अनन्त श्रेणी के रूप में प्रसार
108	चन्द्रछायागणितव्याख्या	नीलकण्ठ सोमयाजि	१५०१ ई०	अपने ही ग्रन्थ 'चन्द्रछायागणित' की व्याख्या
109	आर्यभटीयभाष्य	नीलकण्ठ सोमयाजि	१५०१ ई०	आर्यभटीय का भाष्य
110	ज्योतिर्मीमांसा	नीलकण्ठ सोमयाजि	१५०१ ई०	36 Rsine की व्युत्पत्ति
111	गोलसार	नीलकण्ठ सोमयाजि	१५०१ ई०	५६ श्लोकों में रचित , खगोलीय आंकड़ों का मान निकालने के लिये गणितीय गणना
112	सिद्धान्तसुन्दर	ज्ञानराज	1503	यह भारतीय खगोलिकी का सम्पूर्ण सार है।
113	ग्रहकौतुक	"केशव दैवज्ञ 
(गणेश दैवज्ञ के पिता)"		
114	करणप्रकाश	गणेश दैवज्ञ	१६वीं शताब्दी	खगोलशास्त्र, गणित, ग्रहों की गणना के लिए सरल सूत्र।
115	ग्रहलाघव	गणेश दैवज्ञ	१५२० ई०	सूर्यसिद्धान्त तथा ग्रहलाघव ही भारतीय पंचांग के आधारभूत ग्रन्थ हैं।
116	बुद्धिविलासिनी	गणेश दैवज्ञ		भास्कराचार्य के 'लीलावती' की टीका
117	गणितमञ्जरी	गणेश दैवज्ञ	१६वीं शताब्दी	दो संख्याओं का गुणा करने 'कपाट-सन्धि' विधि का वर्णन [9]
118	भास्करप्रभा	गणेश दैवज्ञ		
119	युक्तिभाष या 'गणितन्यायसंग्रह'	ज्येष्ठदेव	1530 ईस्वी	मलयालम भाषा में ; ज्या (sine), कोज्या (cosine), और व्युत्क्रम स्पर्शज्या (inverse tangent) के अनन्त श्रेणी में प्रसार की उपपत्ति ; समाकलन का विचार दिया है, जिसे उन्होने 'संकलितम्' कहा है।
120	सूर्यप्रकाश	सूर्यदास	१५३८ ई०	बीजगणितम् की टीका
121	युक्तिदीपिका	शंकर वारियर	१५५०	यह तंत्रसंग्रह की विस्तृत टीका है।
122	क्रियाक्रमकरी	शंकर वरियार ने आरम्भ किया, नारायण पण्डित ने इसे पूरा किया।	१५४० ई०	लीलावती की टीका ; इसमें पाई का मान, पाई के लिये अनन्त श्रेणी, व्युत्क्रमस्पर्शज्या (arctangent) के लिये अनन्त श्रेणी आदि दी गयी है।
123	लघुविवृति	शंकर वारियर	1556 CE	tantrasangraha kii vritti
124	गणितयुक्तिभाषा	रचनाकार अज्ञात	late 16th century or early 17th century	संस्कृत में
125	क्षेत्रसमास	जयशेखर सूरि		भूगोल/ज्यामिति विषयक जैन ग्रन्थ
126	गणकोपकारिणी	दक्षिण भारत के चोल विपश्चित	रचना-काल अज्ञात	सूर्यसिद्धान्त की टीका
127	तन्त्रसंग्रहव्याख्या	अज्ञात		तन्त्रसंग्रह की टीका
128	गणितमुक्तावली	देवराज	16वीं सदी ई.	गणित विभिन्न गणितीय विषयों पर श्लोकबद्ध रचना
129	सूर्यसिद्धान्तविवरण	काम्पिल्य के भूधर	1572	सूर्यसिद्धान्त की टीका
130	ताजिकनीलकण्ठी	नीलकण्ठ दैवज्ञ	1587 ई.	ज्योतिष
131	कामदोग्धृ	परगीपुरी के तम्म यज्वन	1599	सूर्यसिद्धान्त की टीका
132	गणितामृतसागरी	गंगाधर		भास्कराचार्य के 'लीलावती' की टीका
133	गुरुकटाक्ष	दक्षिण भारत के भूति-विष्णु	रचना-काल अज्ञात	सूर्यसिद्धान्त की टीका
134	गूढार्थप्रकाशक	काशी के रङ्गनाथ	1603	सूर्यसिद्धान्त की टीका
135	सौरभाष्य	काशी के नृसिंह	1611	सूर्यसिद्धान्त की टीका
136	गहनार्थप्रकाश	काशी के विश्वनाथ	1628	सूर्यसिद्धान्त की टीका
137	सिद्धान्तराज	नित्यानन्द	१६३९ ई०	
138	ग्रहगणितपदकानि			सूर्यसिद्धान्त पर आधारित
139	निसृष्टार्थदूती या लीलावतीविवृति	मुनीश्वर	१६४६ ई०	भास्कराचार्य के 'लीलावती' की टीका
140	पाटीसार	मुनीश्वर	१६४६ ई०	स्वतंत्र ग्रन्थ ; अंकगणित का सार
141	मारीचि	मुनीश्वर	१६४६ ई०	भास्कराचार्यकृत सिद्धान्तशिरोमणि की टीका
142	सिद्धान्तसार्वभौम	मुनीश्वर	१६४६	ज्योतिष का सिद्धान्त ग्रन्थ ; 'प्रतोद यन्त्र' सहित अनेक खगोलीय यन्त्रों का विवरण
143	स्वाशयप्रकाशिनी	मुनीश्वर	१६४६ ई०	अपने ही ग्रन्थ सिद्धान्तसार्वभौम की टीका
144	करणकौस्तुभ	कृष्ण दैवज्ञ	१६५३ ई०	इसकी रचना छत्रपति शिवाजी के लिये की गयी थी। यह ग्रन्थ गणेश दैवज्ञ के ग्रहलाघव पर आधारित है।
145	सिद्धान्ततत्वविवेक	कमलाकर	१६५८ ई०	इसमें मापन की इकाइयाँ, ग्रहों की माध्य गति, ग्रहों की यथार्थ देशान्तर, ग्रहों के व्यास एवं दूरियाँ, चन्द्रमा का उदय और अस्त, चन्द्रग्रहण, सूर्यग्रहण आदि का वर्णन है। ज्या और कोज्या के योग और व्यवकलन के प्रमेय ; इसमें sin(A/2) और sin(A/4) के मान sin(A) के फलन के रूप में निकालने का सूत्र दिया गया है। इसी तरह sin(A/3) और sin(A/5) का मान पुनरावृत (इटरेटिव) विधि से निकालने की विधि दी गयी है।
146	मुहुर्ततत्व	कृपाराम		
147	यंत्रचिंतामणि	कृपाराम		
148	यवनजातक	स्फुजिध्वज		
149	लीलावतीभूषण	धनेश्वर दैवज्ञ		भास्कराचार्य के 'लीलावती' की टीका
150	लीलावतीविवरण	महीधर		लीलावती की टीका
151	सौरवासना	काशी के कमलाकर	1658 के पश्चात	सूर्यसिद्धान्त की टीका
152	बीजपल्लवम्	कृष्ण दैवज्ञ	१६वीं-१७वीं शताब्दी	भास्कर द्वितीय द्वारा रचित बीजगणित की विस्तृत टीका ; अनेक उपपत्तियाँ दी गयी हैं।
153	गणितामृतलहरी	रामकृष्ण	१६८७ ई० के आसपास	भास्कराचार्य कृत लीलावती की टीका
154	रेखागणित	जगन्नाथ सम्राट	1652–1744 ई०	यूक्लिड के 'द एलिमेन्ट्स' का संस्कृत में अनुवाद (नासिर अल-दीन अल-तुसी द्वारा 'द एलिमेंट्स' के अरबी अनुवाद से)
155	सिद्धान्तसारकौस्तुभ	जगन्नाथ सम्राट	1652–1744 ई०	टॉलेमी के Almagest के अरबी रूप का संस्कृत में अनुवाद
156	सिद्धान्तसम्राट	जगन्नाथ सम्राट	१७१८ ई०	यह astrolabe आदि खगोलीय यंत्रों के निर्माण के विषय में है।
157	किरणावली	दादाभाई	1719	सूर्यसिद्धान्त की टीका । दादाभाई चितपावन ब्राह्मण थे।
158	सद्रत्नमाला	शंकर वर्मन	1819	पहले रचित अनेकानेक गणित-ग्रन्थों का सार ; शंकर वर्मन ने इस ग्रन्थ का विस्तृत भाष्य भी लिखा जो मलयालम में है।
159	प्रतिभागीगणितम्	शंकर वर्मन	1819	name of chapter of sadratnamala. इसकी सारिणियाँ कर्नाटक के पञ्चाङ्ग निर्माण करने वालों के बीच बहुत प्रसिद्ध हैं। सिद्धान्त एवं करण ग्रन्थों के विपरीत इस ग्रन्थ में १-१ अंश के अन्तराल के लिये मान दिये गये हैं।
160	सिद्धान्तदर्पण	चंद्रशेखरसिंह सामंत	1835 - 1904	संस्कृत में काव्य रूप में रचित ज्योतिष ग्रंथ ; यह अपने पूर्ववर्ती ग्रंथों सूर्यसिद्धान्त तथा सिद्धान्तशिरोमणि का विकसित रूप है।
161	सिद्धान्त रत्नाकर	सुधाकर द्विवेदी	1900 ईस्वी	खगोलशास्त्र ; गणित ; आधुनिक खगोलशास्त्र का विवरण।
162	समीकरण मीमांसा	सुधाकर द्विवेदी	१८५५ - १९१०	यह हिन्दी में रचित बीजगणित का ग्रन्थ है। इस ग्रन्थ में समीकरणों के गुण, समीकरणों की रचना, समीकरणों के लघुकरण, समीकरण के मूलों का पृथक्करण आदि विषय हैं।[10]
163	गोलीय रेखागणित	सुधाकर द्विवेदी		
164	चलन कलन	सुधाकर द्विवेदी		
165	दीर्घवृत्तलक्षण	सुधाकर द्विवेदी		
166	वैदिक गणित	स्वामी भारती कृष्ण तीर्थ		गणितीय संक्रिया करने के सरल नियम
167	भारतीय ज्योतिष	शंकर बालकृष्ण दीक्षित		मराठी में
168	गणित कल्पतरु	अज्ञात	2000 ईस्वी	अंकगणित ; बीजगणित ; गणित के सरल नियम।
